ride,lat,long,sentiment
nemo,33.8129470637988,-117.917009546028,0
starwars,33.8148285319398,-117.921045186508,0.007770106695023
autopia,33.8127795783315,-117.916397188357,0.035290929806635
astro orbitor,33.8123160935787,-117.918255944179,0.074941934810408
buzz lightyear,33.8124077507014,-117.918107851575,0.179770696869264
splash mountain,33.8121909454257,-117.922443263242,0.274372262629696
roger rabbit,33.8153535309547,-117.918073517192,0.275555667742942
it's a small world,33.8148209297565,-117.917891117192,0.294761430760357
space mountain,33.8111200245431,-117.917514630686,0.298719369467653
train,33.8150229873724,-117.918620586508,0.346918229683846
indiana jones,33.8113528814538,-117.920539630686,0.441842602016406
the little mermaid,33.8063950329136,-117.921093230686,0.477676923740607
jungle cruise,33.8115920809304,-117.920174546028,0.485354061866195
haunted mansion,33.8119279087429,-117.922233046028,0.501795928798397
alice in wonderland,33.8134581627335,-117.918316217192,0.582794788838788
tiki room,33.8120012515065,-117.919500544179,0.819995908199014
tarzan's treehouse,33.8115181097252,-117.920574088357,0.821846864479762
big thunder mountain railroad,33.8128487065356,-117.920382930686,1
